Temperatura de Melting (Cº),Conteúdo GC (%)
79.936,51.19
86.354,52.82
87.435,56.27
86.302,53.15
85.304,53.87
84.308,48.91
86.268,52.97
85.564,51.68
86.153,53.91
85.639,52.73
85.102,50.98
83.710,48.89
85.706,51.38
87.042,55.08
83.410,50.95
85.516,51.33
83.842,47.56
81.508,41.00
79.154,36.55
80.010,39.14
77.783,32.28
82.108,46.59
86.306,53.50
87.573,55.73
85.757,53.33
86.476,55.33
87.008,55.21
87.161,55.63
85.989,52.92
86.374,53.44
87.650,55.87
77.220,35.62
82.481,45.96
86.670,55.16
86.381,53.94
85.342,50.64
85.999,52.46
86.523,53.81
85.841,51.88
85.629,52.14
87.307,55.94
87.003,54.86
86.511,56.94
86.410,53.38
86.427,54.80
87.519,55.82
85.144,51.44
82.738,48.72
82.056,45.71
87.250,55.95
84.837,51.85
86.089,53.16
87.421,56.16
86.557,53.77
85.736,51.34
85.943,52.82
81.387,41.83
86.320,54.09
87.280,55.01
87.471,55.57
86.684,54.89
87.372,55.62
88.372,57.97
86.021,52.90
86.542,54.38
87.529,56.94
88.767,58.97
86.100,52.95
81.718,43.16
87.236,55.21
85.522,52.31
87.370,55.67
86.932,54.85
86.360,53.12
78.475,47.13
83.157,45.82
86.239,52.75
84.134,49.39
77.532,44.83
86.881,54.83
85.249,52.29
86.871,54.88
84.258,50.55
86.614,53.65
87.654,56.32
86.978,54.75
86.207,53.09
87.153,55.20
86.167,52.85
87.389,55.99
86.950,54.61
85.547,51.68
86.254,53.55
85.929,52.26
86.710,54.25
85.347,51.20
86.304,54.58
86.109,52.18
83.479,48.37
83.703,52.02
85.279,51.34
85.684,52.66
85.314,50.96
85.888,52.20
86.696,54.04
85.614,53.29
86.308,53.58
86.128,53.99
85.654,52.05
86.067,52.52
86.971,55.42
86.474,53.08
87.053,54.68
86.071,52.49
86.745,53.94
87.543,55.70
84.870,52.07
83.147,46.04
85.320,51.21
83.848,50.16
86.783,54.16
87.326,55.21
84.583,50.28
84.739,50.23
84.573,49.30
85.150,50.97
83.941,49.21
84.693,49.27
85.110,52.49
84.271,48.61
86.546,54.23
86.447,54.09
82.327,43.60
83.409,47.21
82.681,45.38
84.153,49.18
84.759,48.90
84.034,48.35
82.949,46.06
84.407,50.10
87.418,55.79
86.431,53.83
85.203,52.19
84.429,49.36
86.813,55.74
87.961,56.75
87.216,54.91
85.853,51.65
87.548,56.77
86.702,54.55
89.293,60.11
87.298,55.58
86.750,54.15
84.367,51.01
85.979,53.37
85.774,52.43
85.828,52.79
84.152,47.76
86.617,53.82
86.101,52.76
81.830,44.44
86.061,53.09
86.509,53.16
84.694,49.81
85.276,51.38
84.717,49.77
85.897,52.89
84.871,50.90
86.061,52.63
84.606,49.67
85.291,51.21
85.379,50.85
85.405,50.51
84.371,50.00
86.112,52.92
84.573,50.66
86.195,53.49
86.481,53.70
87.275,56.62
87.287,54.95
86.075,52.92
85.569,50.98
84.854,51.79
88.526,58.56
82.620,47.89
83.218,50.75
86.231,54.68
86.029,54.50
85.648,52.32
84.471,49.21
86.958,54.51
86.547,54.52
85.633,53.58
84.235,48.65
85.513,52.14
85.710,51.94
84.603,50.17
83.299,46.39
84.831,49.95
85.705,52.31
84.353,49.03
85.862,52.02
80.834,40.48
84.397,49.24
84.594,50.64
85.196,51.15
81.628,42.32
74.812,28.28
77.729,34.00
78.622,35.51
74.283,28.38
77.354,32.92
86.645,53.90
87.982,56.65
90.404,63.84
89.228,59.78
85.981,53.02
87.272,55.48
85.111,51.62
87.874,56.99
86.964,54.94
86.514,53.38
85.183,52.42
85.718,51.65
82.904,49.33
84.607,50.50
86.056,53.95
87.463,55.60
89.897,61.26
79.829,38.64
81.589,41.78
87.828,56.62
72.526,25.73
74.654,28.41
79.888,37.60
86.746,54.86
84.236,49.89
87.770,56.28
84.926,50.95
85.870,52.73
84.421,49.26
79.479,40.23
82.463,47.51
85.655,52.20
88.600,58.51
85.839,52.99
86.518,53.88
80.073,41.16
81.321,43.11
82.342,45.77
84.218,51.69
86.571,55.29
85.704,51.58
84.981,51.63
86.398,53.41
84.156,50.00
82.908,45.08
87.324,55.80
86.930,54.70
83.534,50.41
79.808,39.49
83.149,46.22
79.955,42.79
83.839,50.34
84.023,48.18
84.282,49.33
82.242,45.05
83.834,49.15
84.462,49.91
81.947,43.15
78.666,35.22
83.177,48.02
82.965,45.09
78.351,35.73
76.630,30.58
76.852,31.81
83.193,49.08
85.014,51.27
84.763,50.07
86.076,56.32
85.680,52.87
82.963,49.55
86.135,55.56
86.099,52.23
77.230,31.35
84.844,50.00
84.567,49.65
77.215,34.41
86.231,53.38
86.457,53.73
88.083,57.62
88.969,59.98
89.079,59.53
89.397,61.02
86.636,54.78
82.620,45.20
85.937,53.02
85.719,51.52
87.263,55.03
86.706,55.01
85.735,52.89
80.062,39.23
80.874,45.31
79.091,43.26
81.915,46.07
84.787,51.71
87.498,58.62
88.552,58.48
82.541,44.09
83.010,45.49
82.317,43.80
79.118,38.10
84.888,50.87
86.275,52.42
82.189,43.59
81.951,42.99
82.557,45.12
83.168,45.48
85.079,50.64
84.933,50.56
85.079,50.07
85.683,52.44
83.149,50.23
81.929,42.65
83.560,47.11
81.936,48.81
71.522,25.19
88.126,57.37
88.637,58.72
87.339,56.80
87.351,55.36
85.172,49.75
83.228,45.82
85.577,54.46
82.951,46.04
83.635,47.11
87.487,55.88
88.558,58.56
85.822,54.83
87.612,56.68
87.603,56.25
82.138,45.01
84.042,47.92
85.515,51.31
85.223,50.82
85.499,51.52
86.290,53.33
80.265,38.97
84.383,49.45
78.983,38.77
87.242,55.26
87.393,56.23
87.426,55.98
87.569,56.13
88.514,58.24
86.695,54.13
86.416,53.43
87.031,55.33
87.438,56.82
85.165,52.02
88.272,58.04
81.233,41.83
83.334,45.93
87.591,55.74
87.495,56.23
85.606,51.78
83.833,47.75
86.386,53.69
87.944,56.94
87.843,57.25
86.644,54.44
87.060,55.56
86.793,54.68
87.576,56.51
87.998,57.34
83.487,47.59
84.358,48.92
86.353,53.42
84.777,52.90
86.313,53.39
87.477,55.65
85.392,51.16
87.263,55.48
86.591,53.70
86.168,53.81
87.329,55.97
87.365,56.38
88.361,58.70
86.546,54.23
86.506,53.95
83.858,46.65
80.262,39.42
87.093,55.18
85.343,50.86
86.273,53.24
84.777,52.43
82.571,48.83
85.486,51.32
81.992,46.36
86.524,53.60
82.884,47.66
86.532,53.85
86.757,54.81
86.767,55.99
85.424,52.38
81.942,47.92
83.272,46.61
84.437,51.93
82.034,42.32
82.193,44.89
85.350,51.12
87.263,55.89
85.248,50.59
86.975,54.23
86.297,53.20
86.458,54.35
86.343,53.24
87.320,55.61
86.200,52.84
87.042,54.68
79.639,36.79
85.950,53.44
86.637,54.15
85.538,51.42
83.714,49.55
86.536,53.44
85.603,51.75
81.233,44.86
81.737,45.39
82.785,47.13
84.997,50.40
83.183,46.85
84.653,50.89
87.435,56.07
85.078,51.80
85.674,53.57
86.817,54.70
85.623,52.91
77.910,32.51
86.380,53.64
86.639,53.68
86.621,54.33
85.620,55.56
85.805,51.83
87.364,56.85
85.256,50.99
84.300,49.80
86.280,53.04
86.288,53.54
83.761,49.70
86.020,53.50
86.281,52.76
85.219,50.84
86.700,54.00
85.068,51.30
83.227,48.57
85.441,51.04
84.730,50.32
85.699,51.69
86.084,52.19
83.343,49.45
85.943,51.98
85.930,54.57
82.451,45.86
85.330,51.58
86.396,53.15
85.215,51.04
85.159,52.07
86.725,53.92
87.581,56.00
84.348,51.03
87.226,55.40
85.795,52.38
86.280,54.28
86.557,56.73
83.872,49.72
84.219,47.90
82.902,46.50
83.751,48.19
79.279,40.64
80.076,40.27
86.790,53.78
86.629,54.02
82.540,44.91
86.025,51.89
81.748,48.48
87.870,58.33
85.053,52.38
86.054,53.80
88.240,57.56
84.630,51.82
87.552,57.26
86.259,52.75
84.952,50.64
86.477,53.89
85.605,51.77
85.818,51.95
87.241,55.22
85.948,52.33
85.432,50.82
84.956,51.46
86.189,53.46
81.342,43.18
88.564,58.20
86.380,53.70
86.583,53.83
85.666,51.55
88.885,58.78
89.937,61.14
88.097,57.14
87.764,56.80
86.787,56.37
81.649,43.74
84.324,48.57
81.594,44.08
87.571,57.95
85.972,52.72
82.788,45.43
83.182,46.15
87.285,56.02
86.706,54.69
86.008,53.54
87.507,56.91
88.410,57.85
89.867,61.19
74.452,27.97
84.056,50.00
87.021,55.07
85.679,52.00
84.662,50.72
86.043,53.06
86.592,53.59
82.672,44.92
85.088,50.63
84.069,47.63
85.583,51.38
87.575,56.37
83.251,46.31
85.758,51.86
86.017,52.67
87.534,55.94
87.964,57.22
87.500,56.62
87.684,56.94
87.811,57.02
87.475,57.45
86.041,53.25
83.520,47.88
86.962,54.69
85.699,53.07
85.459,55.87
86.691,54.56
82.252,44.57
81.454,42.14
84.266,47.70
82.911,45.14
84.272,49.61
79.137,36.65
83.183,46.19
85.782,52.30
87.307,55.06
86.166,52.41
81.444,41.42
86.361,53.26
75.532,28.92
88.564,57.97
86.093,54.33
87.961,56.89
86.201,52.80
86.647,54.82
85.617,51.41
81.990,45.35
87.403,55.88
87.423,55.32
86.273,53.01
84.047,47.68
85.074,51.07
83.101,47.70
83.474,50.20
85.924,52.37
81.730,49.02
81.194,47.71
84.012,48.25
86.814,53.99
86.740,54.28
85.083,54.79
87.827,56.23
82.754,44.62
86.496,54.17
87.931,57.40
89.329,60.80
88.360,58.19
87.084,55.38
87.555,56.29
87.444,55.74
86.968,55.24
87.887,57.70
87.559,58.21
87.947,56.79
83.703,52.02
87.219,55.56
86.682,54.18
83.370,46.98
84.033,47.67
80.192,38.65
83.551,47.12
84.513,50.00
86.114,52.51
83.900,49.18
85.145,50.36
86.029,54.50
85.466,51.67
85.339,50.68
86.860,54.95
87.837,58.15
87.494,55.90
87.804,57.21
85.994,55.56
85.334,50.99
85.086,49.97
84.937,50.66
85.424,50.94
83.084,46.52
80.481,43.81
83.884,49.48
86.455,54.12
82.949,50.00
86.410,53.73
82.684,44.65
83.599,47.51
81.953,46.21
84.818,49.59
87.972,57.39
85.743,51.93
86.258,52.73
87.836,58.55
84.086,50.63
84.717,50.33
84.430,49.53
85.869,52.33
85.175,51.55
86.484,53.12
85.426,52.59
82.783,45.34
83.901,47.20
81.507,42.70
83.825,47.88
85.162,50.15
85.216,50.85
85.163,51.10
84.993,50.81
85.749,52.50
84.331,48.73
87.380,55.62
85.508,51.65
85.120,51.92
86.607,54.07
86.704,54.04
87.555,56.29
85.949,52.07
86.070,53.25
86.283,53.15
85.839,52.13
84.238,48.69
87.112,54.80
86.097,52.43
83.683,49.54
83.685,48.55
83.956,48.78
85.434,53.44
84.988,50.59
84.184,49.27
87.182,55.09
85.301,50.68
84.660,48.75
87.384,56.64
88.413,57.80
86.137,53.93
87.607,55.98
87.257,55.26
79.844,50.00
83.282,50.72
89.195,59.55
79.383,37.57
81.766,42.27
84.420,50.00
86.565,53.70
85.754,51.69
86.161,53.49
87.728,57.53
87.259,55.84
87.481,56.73
85.649,52.15
87.605,56.54
83.655,46.89
85.781,52.60
82.747,45.68
85.106,50.23
83.710,48.89
84.670,51.72
87.542,55.91
85.417,51.74
87.504,55.57
87.312,55.67
86.921,54.76
86.051,52.99
82.585,44.48
85.829,53.07
84.738,49.12
84.578,48.95
78.928,38.05
87.084,55.00
86.417,53.46
86.132,52.63
86.295,53.06
84.198,49.78
78.645,36.41
80.033,38.20
86.270,52.90
86.544,53.86
82.093,52.63
83.699,50.00
83.912,49.38
84.767,50.22
84.856,51.52
85.964,52.41
86.393,53.36
84.992,51.34
84.562,49.49
85.275,50.86
83.794,47.78
86.262,53.40
84.787,51.71
85.568,51.57
85.362,51.53
87.027,55.14
86.053,52.65
87.017,55.11
86.702,54.38
86.077,52.48
85.780,52.47
78.513,41.33
84.966,50.52
86.339,54.06
86.302,53.35
85.515,51.77
86.792,54.62
82.469,44.13
84.400,48.72
84.994,49.86
85.668,51.19
86.511,53.66
80.227,44.64
79.981,38.81
82.409,48.20
82.516,48.61
80.447,44.27
82.332,49.18
85.960,53.16
84.270,49.20
82.618,45.05
80.523,39.38
83.071,46.09
79.107,36.29
82.246,45.36
81.946,47.22
84.972,51.41
85.032,51.71
84.470,53.62
80.926,47.06
85.050,51.63
87.024,54.54
87.015,55.02
85.760,51.48
84.363,51.23
84.480,52.17
86.979,55.96
85.482,53.23
87.098,55.78
85.326,52.97
86.245,55.76
86.654,53.46
84.879,52.42
87.178,56.08
88.475,59.14
87.662,57.89
87.836,56.30
86.275,54.17
88.398,58.24
82.789,48.15
78.266,33.84
82.377,43.82
80.696,39.91
80.633,47.41
82.251,44.06
85.512,52.83
87.460,55.97
86.633,54.18
88.215,57.92
87.504,56.75
86.598,54.72
86.390,53.02
85.594,51.82
86.593,54.14
85.265,52.05
86.902,56.17
85.867,56.10
87.238,57.17
83.964,48.23
81.541,42.30
86.227,53.29
86.813,54.43
86.950,55.38
86.029,54.50
85.930,52.39
87.092,55.20
87.437,55.67
87.903,57.33
86.425,54.32
87.612,56.29
78.909,34.77
86.721,53.79
87.244,55.76
87.318,55.80
83.563,50.19
83.758,50.56
85.508,52.05
86.699,53.70
84.662,52.87
86.608,54.26
86.575,53.41
86.041,53.25
86.071,53.48
84.374,49.13
83.838,48.61
86.314,53.60
84.987,51.36
84.541,48.67
85.646,53.21
85.851,52.19
86.215,53.31
86.180,52.67
87.304,55.61
83.280,46.32
86.758,54.67
86.161,53.70
87.139,55.87
87.749,56.72
86.797,54.06
85.994,52.24
86.482,53.96
85.931,52.63
81.757,41.63
82.355,43.49
82.270,46.06
80.453,41.09
86.105,52.64
83.564,48.70
85.650,51.70
85.289,51.67
85.785,51.95
84.876,50.33
85.421,52.09
85.909,52.23
85.004,53.41
83.029,45.71
87.174,55.33
85.042,51.40
85.711,51.48
83.643,48.94
81.714,45.74
83.806,50.35
85.701,52.42
87.366,56.15
83.793,48.64
85.338,50.94
86.767,54.41
85.306,51.05
86.796,54.85
85.174,51.94
86.956,54.88
82.797,44.57
78.925,38.01
86.031,52.36
83.429,46.86
85.848,52.91
86.618,54.67
84.381,49.18
85.755,52.54
86.020,53.88
77.933,32.77
78.539,37.46
85.755,54.63
87.586,56.80
86.726,54.44
86.813,54.30
87.356,55.99
86.910,54.39
87.105,55.42
86.945,54.51
84.343,48.78
85.506,52.01
86.273,52.86
84.793,49.75
86.348,53.41
86.712,53.83
82.540,48.44
81.863,45.17
86.252,52.61
82.462,48.40
86.232,53.76
86.681,53.83
86.498,53.37
86.198,53.21
83.437,47.68
86.930,54.03
84.985,50.98
86.370,53.27
86.107,52.67
86.294,52.68
85.254,51.62
87.004,55.32
83.000,46.09
85.946,52.39
84.119,47.73
84.532,49.53
85.747,51.38
84.244,48.60
85.454,50.82
83.643,47.47
85.073,50.32
85.138,50.31
84.827,50.20
86.168,53.65
85.591,51.19
83.286,49.12
85.043,49.67
85.454,50.83
87.033,55.22
85.942,52.31
81.884,48.09
86.240,53.68
85.758,52.24
85.547,51.92
85.442,51.65
86.060,52.53
85.301,51.49
87.673,55.82
86.394,53.08
84.452,49.91
85.451,52.01
85.961,52.39
83.981,47.66
86.141,52.68
85.444,51.12
86.691,53.62
86.938,55.34
86.891,55.18
88.040,57.50
85.904,52.50
86.098,53.82
81.285,42.22
82.936,45.73
84.493,49.03
83.879,48.85
83.496,47.52
83.425,46.39
84.139,49.17
85.023,50.18
86.903,54.24
86.406,53.09
85.884,52.15
85.233,50.34
85.604,52.66
84.132,54.17
85.289,51.67
85.919,51.96
82.803,46.36
86.397,53.60
83.696,48.24
83.760,47.94
86.069,52.20
83.685,48.55
86.304,52.80
85.427,52.72
84.862,50.53
86.470,55.56
86.277,55.97
85.881,52.21
84.710,52.69
82.518,46.67
84.767,50.30
82.659,44.51
80.727,43.62
84.866,49.19
78.952,40.62
78.958,40.74
77.642,37.63
79.492,38.72
79.776,45.74
81.406,48.08
81.956,45.83
80.020,43.23
82.626,46.27
81.391,44.69
84.708,51.17
82.415,45.39
86.331,53.39
85.527,51.94
86.001,53.05
83.004,47.10
78.344,34.37
80.886,47.83
83.919,52.11
86.173,53.05
85.489,53.49
80.639,41.67
79.758,37.73
83.829,51.25
81.272,42.01
87.378,55.48
85.564,54.13
85.923,53.15
83.487,49.21
86.127,54.10
86.680,59.68
81.374,50.88
86.230,54.31
79.288,39.56
84.074,52.66
83.291,49.28
84.895,51.97
87.498,58.62
88.552,58.48
81.233,44.86
86.345,52.93
85.460,56.04
87.853,56.75
89.369,60.49
86.437,56.03
84.525,52.43
86.559,54.76
85.571,53.24
86.767,56.28
88.845,58.88
86.991,57.58
87.823,57.65
87.759,57.39
88.697,60.14
85.695,53.03
88.395,57.66
86.753,55.33
89.138,60.05
83.093,48.89
87.023,55.05
87.818,56.58
85.447,51.84
88.036,58.50
86.562,55.89
86.776,54.78
86.761,54.11
86.276,53.21
86.603,53.87
85.462,50.71
85.245,52.35
85.321,50.88
86.012,52.07
85.581,52.07
83.894,48.22
87.250,58.50
80.454,43.66
84.438,48.79
87.022,54.41
86.289,53.35
85.951,53.10
85.516,51.32
87.337,55.20
85.592,52.50
85.642,54.58
86.170,53.20
85.790,51.93
82.308,47.81
83.783,46.99
81.416,44.56
81.137,43.67
81.560,44.91
83.613,47.60
83.522,49.65
78.343,38.36
82.326,48.15
81.995,48.15
83.748,47.55
82.778,49.10
82.516,48.61
81.515,46.88
81.884,48.09
85.599,52.28
85.755,52.42
83.786,50.17
76.518,36.81
80.506,45.45
79.212,38.21
80.325,42.46
82.442,47.25
81.660,47.54
82.164,44.44
82.943,45.87
82.136,47.69
81.301,44.11
80.186,45.58
82.977,45.44
85.238,50.45
79.904,41.11
81.771,45.52
82.136,47.69
83.377,50.21
85.520,53.02
85.230,51.89
83.297,46.53
84.056,48.41
84.507,49.83
81.049,45.64
84.486,50.57
82.829,45.00
80.056,41.48
87.085,54.75
86.499,54.05
85.564,54.13
85.219,54.07
83.533,52.22
85.296,54.21
84.604,53.70
86.153,54.12
83.012,46.32
81.301,48.30
86.132,54.41
86.680,59.68
80.631,42.52
83.552,51.47
84.247,48.70
84.951,49.62
86.113,52.31
86.206,53.17
85.680,51.69
85.274,52.82
85.826,53.68
85.604,52.66
85.167,51.31
89.500,60.63
83.093,48.89
79.609,42.33
85.975,52.15
84.893,49.72
79.861,40.86
81.406,42.23
83.241,46.39
84.564,51.00
85.918,53.12
86.896,56.38
84.067,51.59
84.876,49.68
87.101,54.29
81.396,43.77
83.341,50.70
82.791,46.72
85.388,51.82
80.777,44.29
82.854,48.07
82.963,49.55
83.435,47.14
86.520,53.65
88.076,58.99
87.017,56.01
87.975,57.80
85.644,53.75
86.684,54.89
87.195,55.49
85.035,51.02
87.969,56.57
86.740,54.08
84.906,49.70
86.648,54.51
85.393,51.06
86.522,53.69
85.758,52.02
81.716,43.96
83.693,46.76
82.827,44.33
84.094,47.32
80.341,38.56
79.631,36.69
77.634,33.54
78.103,33.70
81.593,42.27
83.130,46.23
84.672,49.14
85.730,51.29
83.111,46.15
84.984,51.16
77.174,31.89
84.973,49.28
82.004,42.47
80.878,42.28
85.174,51.05
83.705,48.09
79.847,40.78
84.669,49.27
86.655,53.54
86.130,52.78
84.446,48.95
82.551,44.77
86.105,53.58
84.002,47.52
83.857,47.78
86.088,52.56
84.434,48.94
81.051,40.63
84.558,48.96
77.931,32.45
81.853,45.45
82.022,42.64
82.115,44.15
84.485,48.28
88.552,58.48
87.498,58.62
85.002,52.23
85.365,51.40
84.019,48.89
79.348,40.08
78.398,37.11
79.911,40.00
78.056,32.84
81.806,45.65
86.239,53.79
85.306,53.80
84.800,52.34
86.863,54.28
86.309,54.84
88.395,59.11
86.117,53.72
80.555,42.80
76.419,29.91
86.902,56.17
83.745,48.83
85.202,52.99
86.843,54.28
86.538,54.20
85.377,53.51
85.252,53.33
84.156,49.57
86.360,53.35
86.570,54.13
86.569,53.98
86.184,53.49
86.774,54.42
85.025,50.24
84.752,50.52
86.916,54.75
84.124,49.56
85.727,51.97
85.846,53.20
84.817,50.69
82.521,46.93
85.837,51.65
74.599,29.22
80.861,42.56
79.156,41.03
81.256,46.67
82.442,47.25
81.839,47.47
82.095,43.02
84.676,52.38
84.777,52.90
79.175,37.47
85.063,51.57
86.307,54.17
82.562,48.29
82.369,48.96
86.268,53.49
84.686,51.99
85.999,52.63
85.543,51.34
85.676,52.58
85.522,54.81
81.224,41.71
84.607,50.50
84.804,51.41
76.731,35.52
87.997,57.73
88.174,57.19
86.058,52.12
86.523,54.08
86.866,54.72
86.717,54.70
86.480,55.14
88.005,58.91
84.441,53.15
87.073,57.33
84.887,52.00
85.634,53.05
83.289,51.01
84.150,48.40
85.370,51.22
84.111,48.51
85.940,53.51
86.092,54.02
84.948,50.36
80.907,41.97
81.174,42.82
81.263,41.78
80.887,41.67
84.445,50.33
81.005,42.94
81.432,44.23
84.924,51.12
85.256,50.47
82.631,44.30
85.026,49.90
87.158,54.77
83.567,50.88
84.231,50.40
85.992,52.77
84.594,49.19
83.037,46.35
84.916,50.97
75.979,37.72
85.924,52.37
81.590,45.49
82.534,47.97
86.195,53.10
83.449,47.42
84.185,48.92
87.343,55.75
84.440,49.74
85.514,52.16
86.767,54.65
86.409,53.26
83.365,47.96
84.397,51.70
85.574,52.27
85.528,53.24
85.330,52.84
86.567,54.60
85.699,51.74
88.589,59.39
86.411,54.02
85.946,53.08
86.662,54.19
86.828,54.78
85.844,51.82
85.263,50.94
87.624,55.81
85.648,51.88
84.073,48.72
84.207,49.43
84.176,54.02
85.766,52.07
86.853,54.82
86.846,54.84
85.250,51.29
82.339,47.68
86.285,53.14
84.985,50.49
85.052,50.34
86.154,53.74
86.800,54.63
85.287,51.25
86.052,52.44
85.134,49.91
84.353,50.83
84.077,50.00
87.176,56.23
86.012,52.97
86.231,53.22
83.384,47.33
85.944,52.26
85.765,53.15
84.682,50.00
82.350,47.29
86.203,53.23
87.234,54.82
84.476,48.88
86.726,54.25
86.790,55.13
85.609,51.49
86.245,53.40
85.291,51.22
85.412,51.19
84.952,50.44
83.030,45.31
82.333,47.04
83.297,48.41
81.094,41.86
83.324,50.22
81.300,42.56
80.946,42.90
85.381,52.82
86.814,54.62
86.980,56.74
85.932,53.00
84.988,52.83
85.306,53.80
82.667,47.17
81.636,44.65
84.352,50.23
79.166,41.15
84.131,48.98
79.662,47.62
84.111,52.58
86.486,53.81
84.996,52.27
83.894,47.81
84.648,56.46
84.132,54.17
86.877,54.23
81.211,46.45
85.674,55.19
84.794,54.17
82.703,46.96
86.383,54.68
83.012,46.32
81.301,48.30
86.434,55.13
87.045,59.90
81.264,45.33
77.638,39.72
78.478,46.67
86.834,56.83
86.549,54.96
88.306,57.82
89.246,60.01
85.918,56.76
87.576,55.80
86.065,55.35
87.305,58.12
87.446,57.72
88.051,60.00
86.046,53.28
87.073,57.33
86.143,57.62
88.236,57.29
87.055,57.60
87.999,58.08
79.822,41.18
82.476,44.25
88.056,58.13
83.373,51.61
75.289,38.89
79.227,35.46
77.757,31.72
80.007,39.56
86.839,54.86
83.326,52.47
78.983,38.77
81.059,40.31
85.011,50.46
85.303,50.84
84.942,49.88
86.489,53.74
85.627,51.54
83.516,47.04
84.117,53.03
79.405,41.94
79.806,42.71
78.871,39.09
82.913,48.00
86.655,53.63
83.090,49.21
87.725,58.64
85.296,54.21
80.718,44.00
85.287,50.78
86.853,55.67
87.834,56.97
86.525,56.34
84.338,51.52
86.358,55.10
86.124,55.18
86.209,52.71
84.645,52.48
85.437,50.92
83.558,47.32
86.097,52.59
87.559,57.17
86.337,53.39
84.495,50.43
85.074,51.07
85.115,50.28
82.254,43.39
82.166,47.26
83.278,46.30
85.914,52.99
83.817,50.17
80.513,41.74
79.152,35.56
84.573,50.66
81.637,47.95
84.457,51.89
85.547,53.72
80.836,47.52
83.606,47.39
83.498,49.35
84.309,49.90
84.673,50.87
85.244,56.28
81.050,43.54
76.851,32.12
78.726,39.61
85.536,52.56
86.886,54.26
84.866,54.59
88.620,58.61
89.432,60.76
87.900,59.76
87.510,56.34
86.973,56.89
87.231,57.91
86.625,55.09
85.897,54.29
88.183,58.43
85.914,54.14
86.843,56.32
88.645,58.39
86.991,57.58
87.060,55.79
88.530,59.27
88.212,58.99
87.780,56.16
86.890,55.67
87.141,54.66
83.414,47.25
81.917,42.87
80.168,39.64
79.451,37.92
81.660,47.54
80.822,40.66
82.651,48.19
84.787,51.71
87.498,58.62
88.552,58.48
81.847,42.15
82.168,43.40
82.197,44.27
85.564,54.13
86.453,53.94
80.687,43.07
84.659,49.69
85.035,50.86
80.878,42.28
81.300,43.03
81.869,49.06
81.189,43.88
85.636,52.42
83.135,47.20
81.345,41.45
83.526,48.33
85.378,50.91
85.424,52.35
86.139,52.59
85.275,51.39
85.007,49.84
87.524,56.12
88.015,57.52
86.210,52.68
85.907,52.57
85.320,51.80
86.130,53.15
84.937,52.60
85.127,54.12
85.198,50.13
85.750,52.28
86.119,53.64
86.389,54.02
86.541,54.03
86.374,53.57
75.671,32.34
85.844,51.92
85.264,50.53
86.067,53.55
86.177,53.03
85.393,51.10
84.650,50.26
84.857,53.05
87.094,54.87
86.039,52.76
86.305,53.64
85.124,51.28
86.617,53.94
86.131,52.91
87.160,55.76
82.928,47.07
83.467,46.79
85.511,51.70
83.428,56.48
84.187,58.33
84.518,48.96
81.549,45.89
86.756,55.00
84.682,51.69
85.265,50.52
85.419,51.92
86.525,53.42
86.484,53.52
87.292,54.94
86.687,53.93
87.032,55.70
86.779,55.16
83.956,47.92
82.837,46.41
85.023,50.37
84.422,48.82
83.610,46.97
83.103,47.34
81.539,42.56
85.581,50.90
83.869,48.15
84.161,47.70
83.455,46.58
85.820,52.37
85.594,51.68
85.616,51.74
82.767,47.27
85.745,51.68
81.830,42.26
83.233,48.82
86.642,54.72
83.684,48.87
83.031,46.48
84.508,49.46
84.393,49.45
83.453,46.33
83.145,49.40
85.015,49.56
80.020,43.23
77.440,37.04
77.656,36.32
79.954,39.71
82.462,48.40
81.957,45.67
82.165,45.10
83.926,51.75
83.603,47.83
85.058,50.34
86.980,56.74
85.175,51.55
81.500,47.88
82.229,43.87
83.341,50.70
80.125,41.86
85.445,54.48
86.743,54.44
84.011,50.00
82.876,46.14
83.082,50.51
86.341,53.45
87.320,55.34
84.794,54.17
83.059,47.83
86.690,55.43
83.012,46.32
81.301,48.30
86.697,55.77
86.459,59.14
80.689,43.86
86.834,56.83
86.476,54.79
88.306,57.82
89.246,60.01
86.103,57.21
87.844,56.43
86.441,56.27
87.772,59.26
87.721,58.39
87.932,59.71
85.989,53.14
87.073,57.33
86.143,57.62
88.265,57.38
86.935,57.31
86.879,56.39
88.304,57.43
86.412,54.50
88.951,59.59
84.004,51.11
81.745,42.01
79.907,37.94
79.200,37.02
83.939,51.16
88.552,58.48
87.498,58.62
84.787,51.71
77.803,35.84
78.512,41.50
81.022,41.20
80.149,39.26
80.573,40.63
81.579,43.11
82.850,50.56
86.635,54.52
86.836,54.52
86.194,52.83
87.399,55.64
87.061,54.83
72.011,44.44
86.646,54.42
84.232,49.11
83.816,46.91
86.541,54.18
85.005,51.10
85.470,51.78
85.119,50.48
82.114,46.83
86.028,52.00
84.151,48.21
81.365,49.61
80.960,46.43
86.362,52.80
84.589,50.08
84.880,50.33
83.450,49.19
85.779,51.97
86.263,53.63
83.432,48.93
84.521,53.42
84.460,49.33
81.348,47.13
84.488,48.39
86.275,52.76
85.357,50.98
86.091,53.23
83.759,48.15
85.429,51.16
85.863,51.52
86.737,54.15
84.548,48.97
85.365,51.43
85.000,50.25
87.807,57.24
85.392,51.24
86.842,54.26
82.867,48.78
86.341,53.17
86.247,52.92
86.179,53.52
84.798,50.72
88.095,57.39
88.706,59.02
88.211,57.82
85.769,52.15
84.499,49.63
81.993,47.11
83.783,49.44
85.179,54.95
84.008,50.48
85.949,52.72
85.707,52.19
86.930,54.89
85.884,52.72
86.945,54.92
86.861,54.10
87.562,57.12
84.730,49.49
84.622,49.45
82.950,45.25
87.095,55.01
87.554,56.40
85.767,51.69
85.020,51.48
86.580,54.14
86.711,54.87
81.762,43.04
84.301,48.64
83.614,47.00
84.328,48.14
82.293,43.60
81.555,45.35
85.025,50.37
85.308,51.39
85.702,53.10
86.499,54.05
85.564,54.13
85.962,52.21
87.255,55.45
84.647,49.50
85.967,53.55
84.047,47.69
85.642,51.83
85.752,51.75
84.559,49.25
82.474,43.85
80.807,44.44
77.223,36.51
83.214,46.17
85.137,49.83
78.983,38.77
77.081,36.84
80.008,42.34
80.295,39.54
81.932,49.36
80.633,47.41
80.305,40.48
79.178,39.61
85.042,52.01
84.429,49.18
86.405,54.08
85.551,51.97
83.782,48.94
78.914,39.91
80.245,42.05
80.036,44.44
79.414,36.46
77.440,31.82
79.032,35.34
84.498,49.83
83.048,48.45
82.985,46.31
84.527,50.69
85.345,52.22
87.430,55.61
84.034,52.31
82.822,47.25
86.690,55.43
83.012,46.32
81.301,48.30
86.697,55.77
80.689,43.86
86.834,56.83
86.549,54.96
88.306,57.82
89.246,60.01
86.287,57.66
87.271,55.46
87.805,56.86
86.817,57.19
87.538,58.69
87.629,58.17
87.932,59.71
85.932,53.00
87.292,57.87
86.143,57.62
88.278,57.42
87.055,57.60
88.057,58.23
87.924,57.80
88.838,60.48
85.618,52.84
88.000,56.69
87.095,56.17
88.982,59.67
83.396,49.63
81.400,42.36
80.571,40.16
79.257,36.92
83.732,48.74
86.741,53.62
85.600,55.06
83.006,47.04
85.019,50.30
86.127,52.23
79.846,43.01
81.959,45.37
84.776,48.88
87.030,54.47
85.843,52.50
82.313,43.00
82.545,45.05
82.397,44.04
85.675,51.37
85.036,50.04
85.184,51.49
86.779,53.68
77.489,33.57
77.213,33.63
78.548,36.11
78.979,37.57
85.108,50.81
85.508,51.11
84.001,47.80
83.570,47.83
80.406,44.83
82.912,51.19
85.558,51.13
85.125,50.65
86.187,52.83
85.623,51.30
79.078,40.00
84.075,48.01
86.115,52.97
82.971,46.13
82.600,44.99
86.319,53.28
84.125,49.16
85.437,50.70
83.075,51.46
82.228,49.15
82.105,44.75
85.729,51.67
85.894,52.27
86.888,54.83
86.480,53.93
86.344,53.84
86.358,53.19
79.934,43.68
84.490,52.99
85.109,52.00
85.582,52.79
85.945,52.50
82.125,43.84
85.815,51.59
85.084,50.38
85.969,52.20
83.463,47.25
74.872,30.05
87.369,55.38
89.812,61.05
80.689,43.86
85.666,52.01
85.780,52.72
87.097,55.89
86.788,54.17
87.102,54.48
84.760,49.32
78.007,32.94
82.581,44.23
85.018,50.55
86.864,53.97
86.897,55.03
84.573,49.85
84.581,52.28
86.183,53.12
86.023,52.24
79.697,44.93
81.567,46.30
84.243,50.00
86.652,54.37
86.659,54.31
86.282,53.51
87.085,55.35
85.329,50.61
85.809,53.09
82.830,44.61
85.891,52.12
84.380,48.31
86.521,53.60
83.836,46.62
83.557,46.02
82.467,43.58
80.472,39.03
82.776,44.33
80.332,39.24
77.698,37.37
85.199,50.04
82.636,44.59
82.212,44.64
82.644,45.57
82.923,44.42
83.053,45.99
83.205,46.81
84.991,49.31
85.948,52.10
85.306,51.05
86.302,52.99
86.488,53.84
86.445,53.78
84.731,49.56
84.782,49.89
82.343,46.74
86.659,54.68
84.114,48.20
85.733,51.65
84.571,48.84
84.922,52.22
85.502,51.56
85.999,52.34
86.181,53.29
85.410,51.05
84.834,50.45
83.638,48.51
82.283,45.57
83.959,52.05
84.890,50.11
84.841,49.66
84.862,51.77
85.223,50.82
75.067,37.50
82.561,44.44
82.511,46.06
84.397,49.90
85.116,49.90
85.087,50.87
84.642,49.93
83.753,51.96
85.044,49.97
81.014,43.17
79.193,36.76
80.506,40.00
81.400,42.36
83.244,49.26
88.174,58.27
87.368,56.83
88.249,57.30
89.033,60.97
88.806,59.95
87.881,57.80
86.991,57.58
88.496,58.02
86.767,56.28
83.976,49.41
86.832,55.11
85.276,52.78
85.308,52.06
86.999,57.34
86.973,56.89
87.510,56.34
87.900,59.76
89.432,60.76
88.543,58.43
84.866,54.59
86.822,54.10
84.634,50.37
83.487,49.21
85.427,52.72
85.577,56.99
81.301,48.30
83.012,46.32
86.537,55.06
82.822,47.25
84.866,54.59
87.400,55.54
84.132,54.17
84.717,51.16
82.109,44.05
82.875,50.00
82.541,45.23
84.570,51.96
86.564,54.00
84.695,52.75
81.396,43.77
83.341,50.70
84.577,50.18
81.695,44.87
82.847,49.12
84.063,51.06
86.790,55.09
86.803,56.06
86.570,54.02
85.477,53.05
82.246,47.33
81.083,43.07
83.088,49.57
81.056,41.31
77.748,37.14
77.874,38.10
79.609,42.33
80.625,43.14
86.499,54.05
85.564,54.13
86.757,54.71
84.787,51.71
87.498,58.62
88.552,58.48
85.139,52.25
83.396,49.63
88.944,59.64
87.368,56.83
82.895,49.54
87.937,56.76
88.287,58.08
88.838,60.48
87.924,57.80
87.764,57.51
86.575,56.43
88.248,57.32
86.338,58.10
87.183,57.60
86.504,54.39
88.051,60.00
87.721,58.39
87.772,59.26
86.441,56.27
87.844,56.43
86.287,57.66
89.246,60.01
88.306,57.82
86.549,54.96
86.834,56.83
80.689,43.86
86.697,55.77
86.459,59.14
81.301,48.30
83.012,46.32
86.690,55.43
83.059,47.83
84.668,54.11
87.445,55.65
83.888,53.57
84.856,51.52
82.952,45.80
84.694,51.67
86.525,53.90
83.919,52.11
79.662,47.62
82.968,46.15
84.034,49.75
86.338,54.11
86.523,54.39
85.796,52.23
85.285,52.58
82.329,46.53
82.623,46.51
81.942,47.92
81.918,45.88
81.179,45.77
82.087,47.49
83.239,52.12
77.657,37.57
80.233,43.75
84.899,49.27
80.955,44.30
84.561,51.68
84.298,50.88
83.157,46.70
82.178,43.78
85.910,55.23
85.523,50.80
85.645,51.11
85.719,52.75
85.846,52.51
85.887,53.17
86.845,54.49
85.506,52.01
85.981,52.42
85.896,52.57
86.113,52.71
84.379,51.46
85.590,51.95
84.630,51.82
80.673,41.80
84.778,49.66
86.265,52.99
86.157,52.64
85.196,50.79
86.328,53.15
85.020,50.76
82.814,47.32
84.421,49.31
85.173,50.38
85.083,50.54
86.767,54.20
85.657,51.37
85.289,50.77
84.675,49.04
85.446,51.82
84.866,50.76
83.628,47.27
86.807,54.62
86.334,53.04
85.585,51.49
86.251,53.29
86.239,53.22
78.178,42.06
81.756,46.76
83.941,49.21
85.034,51.20
86.484,54.75
87.439,55.50
86.109,52.88
85.750,52.82
85.624,52.30
84.163,48.90
85.736,51.63
84.643,50.17
85.748,52.26
85.764,51.84
85.169,51.29
82.212,45.99
86.981,54.95
84.594,50.64
83.449,48.05
83.031,49.37
84.913,50.23
86.343,52.91
85.699,53.07
84.171,52.08
85.387,52.00
86.102,52.82
84.777,51.47
86.463,54.48
88.085,56.81
85.024,52.59
83.833,47.67
84.259,49.31
86.444,53.59
80.300,51.11
86.151,53.02
86.468,53.91
86.307,53.22
84.269,48.30
83.727,47.82
86.439,53.42
85.671,51.63
81.756,45.10
83.901,47.10
86.006,53.07
84.712,49.87
84.745,50.22
85.484,52.11
84.314,47.93
84.243,49.12
81.652,46.67
85.061,50.04
83.550,50.63
85.984,52.64
83.857,49.16
86.988,54.87
86.328,53.22
84.758,50.07
85.808,51.81
85.545,53.66
80.260,43.92
84.832,51.58
86.718,53.61
86.811,54.54
82.219,45.66
82.812,44.69
83.191,45.58
83.807,47.52
84.984,50.59
84.008,47.37
85.464,51.22
81.570,42.00
85.363,51.50
86.156,53.14
86.760,54.26
83.002,48.30
84.984,49.73
87.094,54.64
85.095,50.72
86.038,52.72
83.009,50.52
85.865,51.98
81.541,42.30
84.104,49.46
86.756,54.93
84.123,49.09
87.001,55.15
83.733,50.00
86.839,54.02
86.559,54.07
68.367,35.56
83.368,48.46
82.875,50.00
83.913,48.62
85.130,49.97
80.765,39.34
84.444,49.28
86.538,54.09
81.216,43.99
85.605,51.92
81.911,43.76
85.419,51.87
84.727,50.42
86.160,52.73
78.176,33.99
84.438,52.27
85.795,51.50
84.822,50.20
83.803,47.01
81.290,41.43
83.567,49.00
84.655,49.08
81.352,43.93
83.623,49.26
84.450,49.15
85.483,51.58
85.030,51.22
84.624,50.62
86.513,53.97
87.102,55.06
88.458,58.28
87.234,55.65
86.653,54.05
86.279,53.66
83.745,47.68
83.816,47.94
85.447,51.84
87.215,56.65
87.202,55.44
87.610,56.18
84.949,50.76
86.491,53.59
85.948,53.30
85.883,54.17
83.944,50.92
86.462,53.50
81.237,41.02
87.277,55.20
87.120,55.36
87.094,56.34
86.003,52.13
83.861,47.96
85.251,50.84
85.962,53.27
85.187,53.21
86.453,53.94
81.635,42.42
84.034,47.91
82.953,45.34
83.015,45.64
83.507,46.55
84.711,49.20
84.955,50.05
81.691,45.42
83.400,48.07
84.898,50.00
84.766,49.83
85.271,51.11
85.527,51.94
85.110,49.92
84.755,49.38
80.483,38.91
83.374,45.88
84.896,51.19
86.162,54.59
84.815,50.06
86.156,52.88
84.906,52.30
84.324,52.16
81.828,46.18
81.211,46.45
83.556,48.89
82.532,44.91
85.879,52.49
86.601,54.05
85.306,50.53
85.557,51.47
85.010,50.31
86.789,54.48
85.629,51.26
86.302,54.30
86.743,55.03
87.380,55.47
84.788,52.01
81.820,45.33
85.128,56.11
85.334,50.73
86.271,54.23
86.671,53.99
85.177,50.22
86.751,54.08
84.801,49.79
85.364,51.44
85.968,52.82
82.390,45.32
85.205,51.68
85.188,50.99
81.652,46.67
80.674,42.71
80.583,43.33
84.613,49.62
85.842,51.97
86.181,53.29
85.126,49.93
86.004,53.22
83.751,48.19
85.170,50.39
86.487,53.11
86.190,52.73
82.858,48.95
81.657,45.29
83.859,48.10
82.859,47.37
86.072,53.04
84.121,50.13
82.437,48.05
85.481,52.05
85.419,51.89
85.108,49.88
85.636,52.42
83.827,49.58
83.470,49.48
86.628,54.03
87.240,56.39
86.572,53.53
85.756,51.69
84.543,49.31
86.091,52.53
85.476,51.44
86.184,52.83
84.042,47.92
84.305,48.94
85.181,51.02
85.980,52.62
85.990,53.43
81.953,43.62
86.877,55.94
85.528,51.96
85.143,51.76
86.795,54.09
85.567,52.56
85.065,50.67
84.137,50.00
85.003,50.67
85.560,51.65
85.852,51.60
83.996,47.68
85.691,52.34
84.627,50.26
86.365,53.06
79.137,37.22
85.483,53.28
87.023,54.55
86.945,54.83
86.055,53.49
84.013,49.74
86.564,54.00
86.462,54.01
86.598,53.68
86.086,52.41
85.059,51.59
86.408,53.08
86.121,53.07
85.345,51.24
84.218,49.22
82.632,46.72
82.275,45.22
84.689,49.12
85.160,50.94
85.922,52.08
85.516,51.52
83.594,48.02
82.928,48.81
83.857,50.00
81.514,42.97
81.779,46.25
85.461,51.16
85.942,53.15
82.691,44.61
77.955,35.34
81.011,41.17
81.685,43.95
83.857,55.07
79.733,42.16
82.749,47.01
80.595,42.65
81.571,45.68
74.900,35.09
81.694,43.88
83.753,51.96
85.447,54.68
85.510,54.33
85.984,53.40
83.857,51.52
85.154,52.73
88.280,57.46
86.844,54.79
84.008,50.48
86.339,54.06
85.187,53.21
84.053,49.64
77.980,34.03
84.252,49.69
83.474,48.63
85.984,53.80
86.276,53.16
85.502,54.01
83.406,46.32
81.890,47.69
79.701,40.43
85.423,52.28
85.787,51.61
84.545,49.77
82.540,48.44
83.546,47.16
86.397,54.05
85.541,52.17
84.387,48.95
83.380,47.28
86.129,53.47
84.556,48.63
86.039,52.43
83.934,49.39
84.706,51.64
84.844,49.46
86.866,56.52
86.991,54.89
82.562,48.29
85.664,52.47
83.077,46.88
78.883,35.18
78.955,35.35
85.310,53.65
86.964,54.55
87.327,55.92
87.567,57.06
88.468,58.37
85.474,52.93
86.920,54.79
85.691,53.33
86.147,53.03
86.272,55.07
86.274,55.46
86.111,53.39
83.700,50.37
83.825,47.71
79.802,38.30
83.297,51.32
82.668,48.68
85.641,52.08
85.770,51.62
83.452,51.91
86.240,53.38
86.170,53.20
86.906,56.26
85.958,52.22
86.684,54.89
84.284,48.71
80.944,40.03
81.960,43.17
80.825,41.79
86.024,52.74
83.905,48.27
80.080,38.84
81.254,42.18
77.802,33.33
84.988,50.20
83.700,50.37
89.232,60.27
87.300,56.67
87.837,56.46
88.845,59.44
89.033,60.97
88.806,59.95
88.175,58.51
86.867,57.27
88.954,60.26
88.620,58.51
86.767,56.28
85.571,53.24
86.559,54.76
84.525,52.43
86.437,56.03
89.369,60.49
87.853,56.75
85.460,56.04
86.342,52.93
83.133,46.86
83.227,48.57
85.471,52.78
85.577,56.99
80.680,47.73
81.436,46.99
86.460,54.87
83.178,48.12
84.866,54.59
85.564,54.13
86.499,54.05
87.489,55.75
83.644,52.98
84.665,51.05
82.952,45.80
85.492,53.61
86.486,53.81
83.726,51.64
80.052,48.57
83.641,47.87
81.038,43.27
77.175,37.91
83.942,49.86
80.171,42.67
85.594,52.22
87.465,57.92
86.656,54.24
85.574,53.29
81.948,46.93
81.605,42.64
81.462,48.37
77.223,36.51
79.392,41.80
84.883,49.23
79.934,42.65
82.206,43.40
83.027,45.74
80.389,38.94
85.160,50.34
85.014,49.90
80.500,39.75
83.990,47.84
84.453,49.02
84.778,49.79
85.886,52.31
86.051,53.23
84.743,50.64
84.787,51.71
87.498,58.62
88.552,58.48
83.220,45.25
84.937,52.60
86.314,53.60
85.892,52.56
86.477,53.97
86.790,54.53
83.051,46.05
80.642,41.36
87.585,56.81
86.067,54.17
87.403,57.44
84.256,52.70
87.212,57.72
84.748,53.03
82.521,49.23
83.942,49.86
82.767,47.27
85.218,50.71
83.134,47.05
84.673,49.27
85.050,50.00
83.926,51.75
85.616,51.74
86.163,52.76
85.198,50.79
85.614,52.00
72.782,43.14
86.712,54.56
87.986,57.24
86.943,54.90
86.275,53.28
86.947,55.84
87.167,55.96
85.627,52.12
85.923,53.27
83.296,46.11
82.284,43.44
85.351,50.75
79.232,36.79
86.725,54.12
79.976,37.61
79.516,38.04
80.214,38.61
80.611,39.41
77.379,31.44
78.747,34.89
77.383,31.32
76.525,29.99
76.761,29.96
76.671,30.27
85.116,50.67
83.046,45.48
83.910,47.24
86.854,54.55
86.690,54.10
86.767,54.16
86.732,54.12
87.084,55.00
87.406,55.74
87.202,55.39
86.699,55.69
87.556,56.52
86.745,54.37
83.780,48.27
82.947,45.65
81.926,42.53
86.706,54.19
85.929,53.78
85.293,51.19
86.335,52.84
86.121,54.50
86.400,53.51
86.301,52.97
80.720,42.18
81.216,43.99
86.192,52.59
88.627,59.97
84.110,48.75
86.912,55.12
87.734,56.63
85.829,51.67
84.395,49.34
85.574,52.27
87.200,55.37
87.885,56.45
87.875,56.43
87.247,55.37
86.650,53.92
86.325,53.94
83.714,49.55
86.658,53.96
79.315,38.99
84.753,49.78
83.392,46.67
84.309,48.51
85.515,51.18
81.128,43.86
81.083,42.16
84.631,49.09
86.086,53.10
85.451,51.28
85.265,50.63
87.207,55.62
87.471,56.31
85.142,51.00
84.164,48.47
86.849,55.06
86.611,54.50
81.267,45.00
80.193,40.80
79.713,40.00
82.592,47.62
84.951,50.36
84.227,50.74
79.985,37.97
83.075,44.82
80.134,38.96
79.836,38.67
79.847,40.78
86.575,53.96
86.223,52.61
85.533,50.66
79.057,38.36
86.654,54.18
86.673,54.18
87.064,54.60
86.499,54.05
85.438,53.82
81.034,41.99
84.034,49.26
84.535,49.58
85.493,50.95
81.334,44.98
84.004,51.11
89.107,59.97
86.753,55.33
87.669,56.05
88.845,59.44
89.033,60.97
88.806,59.95
88.175,58.51
86.867,57.27
88.419,57.82
86.900,57.61
84.170,49.88
86.887,55.25
84.095,49.87
87.818,57.85
86.680,57.45
87.194,58.10
87.736,56.87
85.438,53.82
86.499,54.05
87.072,54.89
85.651,56.34
88.195,57.39
83.879,48.85
86.697,55.77
86.459,59.14
81.301,48.30
83.012,46.32
86.153,54.12
84.604,53.70
86.034,56.50
83.533,52.22
87.449,55.62
78.537,37.78
81.369,41.46
84.917,51.35
80.418,44.10
84.034,48.68
82.629,49.05
80.689,41.54
81.301,46.89
84.919,51.14
85.611,53.24
83.377,50.21
82.136,47.69
81.918,45.88
84.034,50.86
86.265,53.85
84.147,48.24
82.681,47.47
82.274,47.95
85.641,52.47
80.283,41.84
80.929,41.30
83.644,50.18
80.385,39.86
79.323,38.48
80.755,46.06
76.518,36.81
83.647,49.83
85.651,52.16
85.328,51.62
81.211,46.45
81.301,46.35
82.516,48.61
81.670,46.40
82.970,45.36
81.301,46.89
83.253,48.18
83.853,49.59
84.270,52.26
82.759,52.59
82.233,47.06
82.288,43.36
86.084,53.55
87.461,56.69
87.006,55.23
87.836,56.99
86.151,53.16
86.897,54.19
85.993,52.16
85.282,51.02
85.805,53.06
85.988,53.54
86.627,54.59
86.831,54.29
86.491,53.94
88.449,58.46
86.373,54.26
86.790,55.13
87.205,55.59
87.883,56.95
84.827,49.94
83.890,49.37
86.213,53.74
86.758,54.69
83.908,48.06
80.413,42.92
85.576,51.41
85.394,50.97
85.128,50.54
83.090,45.17
85.084,50.45
85.806,52.16
86.491,53.71
84.990,50.82
86.591,54.36
86.204,52.58
86.454,53.40
86.321,53.63
86.212,53.14
85.821,52.45
85.600,51.61
85.312,50.76
85.609,51.80
81.899,43.20
85.443,51.08
84.496,49.09
83.694,47.13
87.528,55.91
86.330,53.57
87.405,55.97
86.260,53.13
85.771,55.69
84.563,50.09
86.145,52.64
86.783,54.61
82.231,43.98
83.253,46.91
85.329,50.61
85.407,50.69
85.486,51.32
86.151,53.02
85.704,51.51
83.535,48.99
86.409,53.48
85.919,53.02
86.385,53.09
83.574,49.82
85.921,52.48
83.387,50.44
85.966,52.07
84.574,48.46
85.451,52.01
86.502,53.85
86.341,54.48
88.095,57.20
85.981,53.96
85.948,57.14
86.945,55.42
86.903,55.51
86.714,55.18
85.217,51.58
86.749,56.00
87.289,56.02
88.452,59.20
87.795,56.33
85.214,54.17
86.502,55.15
78.021,39.39
84.419,50.10
86.652,53.79
86.443,53.28
85.671,52.53
87.760,56.90
86.247,53.22
85.207,50.63
84.975,49.42
83.404,47.00
85.613,50.95
85.733,52.38
86.886,53.90
85.256,51.60
85.448,50.90
86.895,54.11
86.438,54.22
85.808,51.32
86.795,53.94
85.375,51.02
86.253,56.86
84.600,49.92
84.860,49.71
81.916,42.89
77.717,32.40
83.204,45.78
86.344,53.20
88.076,57.27
87.444,55.95
86.615,53.99
84.264,48.54
86.560,54.45
85.564,54.13
86.499,54.05
85.869,52.16
84.945,50.45
86.603,53.95
85.952,53.59
83.456,48.12
81.817,43.28
85.499,51.30
84.863,49.95
85.778,51.54
86.104,53.09
85.457,50.88
85.376,53.57
83.419,48.32
82.069,46.44
87.541,56.12
88.478,58.77
86.776,54.78
87.577,56.92
88.573,58.47
86.501,53.63
84.570,51.96
83.430,47.84
85.034,50.44
78.829,34.97
82.456,45.24
88.094,57.41
87.137,55.03
88.133,57.33
85.441,54.13
85.718,52.97
86.178,54.14
86.775,54.60
87.810,56.33
87.723,56.58
86.816,55.89
87.613,56.07
85.419,51.89
85.567,53.15
84.758,49.73
85.158,50.41
84.498,49.83
86.033,52.21
87.246,56.37
83.769,48.48
84.663,50.88
85.990,52.45
87.375,55.38
86.101,52.54
85.952,53.59
85.088,51.45
84.784,50.39
85.388,51.85
81.707,44.35
86.813,54.81
82.883,45.23
85.972,52.97
84.674,49.93
85.776,52.69
84.212,48.66
85.207,51.09
85.674,52.81
86.232,52.83
84.084,49.28
87.583,57.16
87.445,55.95
87.072,55.41
84.021,48.48
87.130,55.72
86.848,54.73
86.168,52.95
86.009,52.71
87.706,56.66
87.559,56.27
85.754,51.47
84.563,52.33
85.124,51.55
85.593,51.98
87.005,55.39
87.129,55.34
86.073,52.95
85.460,52.36
81.864,42.82
82.243,44.64
83.135,47.32
84.770,50.90
85.903,52.83
87.074,54.55
83.423,47.34
85.805,53.50
85.865,51.70
87.411,55.84
84.437,51.93
85.195,50.41
78.638,34.69
85.661,52.25
84.271,48.55
84.083,47.84
81.841,42.39
84.816,50.37
82.579,45.73
81.781,43.06
79.402,36.23
79.680,42.94
83.589,47.53
82.503,43.91
85.772,52.24
85.566,51.26
85.478,51.47
85.502,51.17
81.705,41.78
81.589,41.75
80.487,40.00
81.553,40.96
82.853,45.08
83.835,46.90
83.870,47.24
82.938,45.91
78.983,38.77
82.246,47.33
85.547,51.68
87.164,55.29
85.444,50.82
83.576,47.21
86.155,53.26
87.467,55.53
88.236,58.09
87.847,57.09
86.543,53.77
84.184,50.76
85.349,51.14
86.649,54.02
85.187,53.21
86.304,53.19
84.729,49.38
84.741,48.95
83.897,49.72
83.284,48.12
85.696,51.78
82.931,46.22
86.292,53.04
81.420,43.86
85.577,51.65
83.772,51.60
86.921,54.32
87.095,55.36
84.636,49.74
84.970,50.21
83.621,50.39
84.921,49.54
83.294,47.25
85.631,52.00
82.729,47.15
87.234,55.81
88.231,58.01
87.310,56.05
86.914,55.16
86.340,53.49
86.788,54.92
85.438,51.52
86.465,53.96
87.624,56.28
85.818,51.95
87.304,56.00
84.745,50.52
85.473,52.89
85.285,52.58
85.014,50.46
86.712,54.56
86.230,53.18
87.471,57.49
87.003,55.76
87.515,56.53
87.381,55.73
88.753,59.05
87.148,55.26
88.603,58.84
88.305,58.54
87.993,57.19
85.088,53.47
86.963,57.44
88.234,58.11
87.854,57.65
86.790,55.13
84.871,51.25
84.278,50.89
86.943,54.30
85.025,50.37
86.992,54.49
87.002,55.08
83.820,48.26
87.467,55.66
85.793,51.68
86.951,54.17
82.794,47.06
86.265,53.19
82.199,48.26
86.356,54.08
87.186,54.96
86.482,54.05
85.676,52.38
87.115,55.36
85.601,51.88
84.492,49.91
84.208,49.68
87.311,56.63
87.274,55.18
86.430,53.80
87.444,55.83
86.049,53.46
86.835,54.28
86.996,54.60
86.812,55.68
87.307,56.26
84.985,51.93
86.282,52.76
84.980,50.41
86.358,53.48
86.683,53.96
85.150,52.78
86.020,53.15
86.029,52.48
85.878,53.11
86.222,53.18
86.254,53.99
84.692,48.86
85.528,51.10
83.734,46.48
82.055,48.85
83.239,47.09
84.019,48.89
86.798,54.18
86.890,54.46
86.486,53.54
82.516,48.61
85.770,51.73
86.280,53.18
84.430,49.60
86.921,54.67
86.254,53.17
86.767,54.54
86.050,52.64
85.381,52.78
83.688,47.25
84.193,48.54
84.541,49.84
85.190,50.00
87.798,56.38
86.580,53.12
85.924,52.72
83.464,46.85
87.501,56.07
83.014,50.25
84.888,52.38
88.286,57.70
85.226,51.94
83.857,50.00
83.737,49.10
86.321,53.25
85.761,53.37
86.722,54.88
86.563,54.35
85.031,50.53
85.506,51.21
87.587,56.40
84.862,50.06
86.448,53.45
85.503,52.60
86.078,55.45
87.180,55.84
86.671,54.11
84.266,50.12
87.246,55.90
87.424,56.16
87.428,55.75
83.142,45.73
87.246,54.88
85.256,50.67
86.211,52.95
86.065,52.64
84.348,51.03
86.761,54.23
86.308,53.92
86.121,52.64
88.098,56.89
85.355,50.67
85.791,53.37
85.968,53.30
85.560,51.83
81.049,44.06
84.680,51.44
87.461,56.69
86.261,53.77
85.798,52.32
84.937,50.66
85.581,51.69
86.671,53.78
86.665,55.62
85.199,50.78
85.420,51.96
84.034,48.78
86.317,52.99
86.056,53.25
86.976,54.76
84.694,49.66
84.898,50.85
83.564,48.70
85.804,52.75
87.486,56.26
84.014,49.52
85.711,52.50
87.115,54.64
84.547,48.82
86.047,56.04
84.526,48.81
85.795,51.44
86.509,54.37
85.872,52.40
85.222,51.22
82.380,46.20
70.712,39.58
84.563,49.01
85.685,51.78
85.756,52.01
82.385,46.01
82.659,45.66
84.408,48.57
84.917,51.35
83.256,48.28
86.030,53.12
84.079,49.00
83.968,51.41
86.749,54.19
85.509,51.67
85.592,51.45
84.627,50.17
84.761,49.83
85.913,51.99
83.698,49.42
84.034,50.86
83.560,48.22
84.662,50.72
80.840,43.78
79.802,38.41
80.948,41.01
79.062,35.69
84.156,51.48
85.564,54.13
86.499,54.05
87.498,58.62
84.895,51.97
85.809,56.28
82.703,46.96
84.794,54.17
87.298,55.29
81.773,44.85
79.217,36.56
84.927,50.80
82.618,45.05
83.042,46.24
80.216,39.51
83.383,46.69
80.705,42.57
79.275,36.03
77.161,32.85
77.622,34.09
77.507,31.50
77.344,31.28
78.424,34.00
79.914,42.51
81.926,42.96
85.054,49.42
78.713,34.59
80.149,38.18
80.023,38.10
86.188,53.17
88.124,57.60
88.068,57.35
88.482,58.47
85.585,51.32
86.037,53.39
83.469,48.00
82.642,50.94
84.963,53.00
82.817,46.05
83.406,48.15
84.016,49.33
82.703,46.96
85.252,53.33
86.576,53.78
84.907,51.62
84.701,53.25
86.727,56.20
85.998,52.03
84.281,48.54
84.388,48.55
88.338,58.31
86.032,52.77
87.037,55.02
85.834,52.71
85.986,55.06
84.111,49.15
86.354,53.37
87.619,56.21
85.067,51.55
85.777,51.70
84.091,49.65
85.928,53.44
82.491,49.46
86.683,53.59
85.098,51.70
86.512,53.86
86.948,56.22
86.822,54.49
86.370,55.65
85.705,52.31
86.061,55.00
84.012,48.19
87.811,57.14
88.115,57.43
86.389,53.40
86.731,54.32
88.299,57.61
85.540,52.65
85.958,52.56
87.700,56.45
85.984,52.28
86.123,54.35
85.331,52.80
87.632,57.03
87.009,56.17
87.745,56.43
88.142,58.01
88.369,57.91
87.330,56.70
84.318,50.00
85.085,52.71
86.964,55.21
85.746,55.31
87.439,56.06
88.048,57.67
86.057,52.19
84.219,50.56
87.861,56.48
81.488,42.31
85.280,54.85
88.179,57.63
87.457,57.07
84.878,51.72
85.619,51.76
86.076,52.72
86.270,54.07
86.681,54.72
85.666,51.81
85.810,53.54
86.859,55.27
84.586,51.92
82.844,47.53
85.522,52.31
86.744,54.13
86.361,53.69
84.484,48.94
83.281,48.98
85.702,52.06
86.931,55.61
86.844,55.15
85.392,51.14
84.965,51.21
85.277,50.48
85.351,50.33
79.854,44.44
85.138,51.02
87.609,56.10
87.833,56.61
83.474,48.63
86.941,54.72
85.605,55.17
83.251,46.88
87.177,55.90
85.437,50.93
83.147,46.06
84.880,49.69
84.826,49.43
85.266,51.49
82.989,45.93
83.448,46.30
84.069,48.09
85.315,50.73
85.896,51.95
85.338,51.39
82.814,47.32
82.816,48.59
86.690,53.69
85.583,51.38
85.122,49.76
86.449,53.47
85.864,52.03
85.291,52.44
86.306,53.77
84.755,52.12
83.583,47.80
84.497,49.23
85.499,51.14
85.902,52.17
86.803,54.31
85.827,52.48
86.446,53.61
84.439,49.54
83.946,47.38
87.035,54.67
85.495,51.09
83.782,48.94
83.877,47.95
85.970,52.50
85.897,54.29
84.453,49.02
81.948,46.93
87.467,56.05
86.305,54.95
86.584,54.40
86.065,52.73
86.473,53.59
86.225,52.93
87.225,55.12
87.105,54.50
85.546,50.78
86.840,53.87
85.502,54.01
85.581,53.43
85.168,51.60
85.775,53.50
85.055,50.69
86.093,53.08
86.756,53.85
84.188,49.34
78.791,42.18
86.161,53.62
85.102,50.98
80.402,43.38
86.633,54.18
87.282,55.61
86.061,52.18
86.068,52.81
86.157,52.81
86.224,53.31
84.945,50.65
85.553,51.23
85.659,52.23
84.729,49.82
86.364,53.38
82.693,44.39
79.396,37.28
80.581,39.75
76.842,31.67
77.489,33.57
76.967,31.91
77.384,32.93
78.710,34.57
76.096,32.88
79.072,36.49
77.030,32.41
75.551,30.65
78.130,34.36
79.169,36.46
79.281,38.74
78.875,39.17
77.719,32.93
77.650,33.53
78.011,33.07
80.090,42.19
80.359,40.40
78.693,38.31
78.308,34.53
79.016,35.66
79.632,38.07
77.306,35.47
79.085,37.25
82.778,44.55
79.975,37.36
79.383,36.39
80.511,38.79
80.032,38.53
76.928,36.11
80.611,39.47
81.460,42.55
85.281,51.32
86.396,52.96
86.207,53.36
85.213,52.08
83.402,45.81
84.841,49.66
86.438,53.55
85.698,51.73
86.341,53.17
84.578,49.30
86.101,52.46
84.831,50.19
81.739,43.18
86.092,52.08
86.088,52.60
86.546,54.36
86.433,52.94
84.590,48.89
84.569,48.90
86.203,52.85
86.293,52.81
84.673,49.07
75.249,34.92
84.676,50.46
86.043,52.37
86.401,53.55
87.973,56.98
83.976,48.24
86.054,52.95
85.385,52.30
85.782,53.92
82.990,48.69
86.625,54.23
85.636,52.42
81.958,45.51
85.337,50.70
87.580,55.74
85.064,52.31
86.797,54.52
87.046,55.03
88.888,59.54
86.352,53.24
84.855,50.78
82.642,46.97
85.217,51.58
86.142,52.80
85.450,51.97
86.583,54.25
87.107,54.73
86.421,53.71
84.451,49.24
86.351,53.14
85.694,52.36
84.872,50.63
84.748,49.83
85.355,51.02
85.992,52.49
85.593,51.67
86.331,55.09
87.475,57.17
87.184,56.07
86.537,54.57
85.993,53.24
86.020,53.22
83.776,48.43
87.387,56.11
85.426,51.02
85.025,49.96
81.227,42.57
87.598,55.97
85.416,51.65
86.972,55.16
84.213,48.77
86.879,54.22
77.885,40.91
82.326,48.15
80.650,43.25
86.298,53.25
86.291,53.05
85.742,53.51
86.663,54.80
85.949,53.01
86.170,53.16
85.001,50.94
85.332,52.76
87.001,55.15
85.185,51.21
85.133,51.50
83.330,49.14
86.974,55.89
86.276,53.21
82.545,44.25
86.078,52.82
85.788,52.64
83.432,48.93
85.901,52.92
87.164,55.46
82.400,47.10
85.469,51.30
84.953,49.88
85.972,51.97
85.331,51.55
84.001,47.55
84.082,48.59
86.791,56.90
80.318,39.89
77.468,31.39
78.724,34.95
78.130,34.07
86.499,54.05
85.564,54.13
87.498,58.62
88.552,58.48
84.968,52.42
87.176,55.20
86.145,52.47
86.549,54.21
84.627,53.01
86.456,56.14
86.264,54.60
86.419,54.95
86.526,53.46
86.767,54.37
86.742,54.51
86.803,54.51
81.813,45.49
85.530,51.69
85.766,52.07
83.106,46.87
86.572,54.24
84.226,50.00
86.086,53.33
85.669,51.68
85.077,51.06
84.942,50.16
86.908,54.73
85.143,50.85
82.826,48.45
87.022,54.50
87.672,56.40
84.556,49.59
87.093,54.67
86.058,52.36
85.511,52.80
84.910,51.91
85.388,51.82
86.123,52.67
84.752,50.52
83.878,50.16
85.668,52.03
84.916,50.11
85.076,50.39
86.475,53.86
84.378,49.01
84.401,48.13
86.749,53.94
86.161,53.95
87.272,56.04
83.588,48.46
84.671,50.16
85.754,51.69
87.157,56.10
85.164,50.47
86.194,53.43
86.025,53.10
79.958,43.86
85.701,52.60
83.597,49.67
79.955,42.79
81.420,42.28
85.395,50.72
87.396,55.72
87.699,56.04
87.126,55.15
85.684,52.66
87.594,56.34
85.839,52.55
84.323,50.68
86.117,53.72
84.710,49.62
86.560,54.17
86.063,53.63
87.271,55.40
87.899,57.30
83.844,51.85
86.029,52.23
86.331,52.93
85.506,52.66
87.453,56.60
85.847,53.04
87.295,55.42
87.003,54.73
84.329,51.05
85.475,51.42
86.981,54.25
82.284,45.11
84.765,49.30
85.718,51.91
87.053,54.55
88.148,57.31
83.365,47.96
78.802,37.78
86.709,54.27
84.815,50.99
85.359,51.66
85.787,52.18
86.665,54.35
87.024,54.94
84.494,50.00
86.717,54.03
86.686,54.00
86.830,54.43
85.152,50.97
84.862,50.53
85.806,54.17
83.434,48.51
85.642,54.58
85.330,52.84
86.467,56.67
84.153,49.48
85.122,50.56
84.706,51.64
81.760,44.54
87.014,55.30
86.031,53.28
83.488,52.73
87.818,56.83
85.117,50.23
86.490,53.55
84.854,51.79
86.477,53.16
84.223,48.14
84.902,49.70
83.445,46.46
81.615,42.07
76.404,31.59
78.476,35.37
77.145,30.89
86.502,53.75
85.920,52.64
85.842,52.66
85.287,50.64
86.386,53.18
82.936,47.62
82.165,44.73
85.896,52.72
87.138,55.19
84.864,51.27
87.124,55.77
85.508,51.65
85.617,53.33
88.141,57.76
87.576,56.36
85.795,52.38
82.074,44.44
82.898,45.98
82.260,44.15
84.151,47.44
85.564,54.13
86.499,54.05
86.653,54.47
86.815,54.05
86.001,54.55
84.866,50.76
86.383,54.51
88.011,57.54
86.870,55.50
84.634,50.48
86.398,55.18
85.577,54.46
86.442,54.96
85.190,51.81
87.903,57.33
87.233,55.86
87.426,56.15
86.102,52.69
87.261,55.19
84.117,48.25
86.759,53.89
84.459,52.22
86.064,52.91
85.176,52.49
86.647,53.50
86.276,52.96
83.617,48.34
86.126,52.68
82.343,43.35
84.083,50.45
86.681,54.04
85.463,51.59
86.640,53.65
84.802,50.48
83.141,48.64
83.793,48.64
86.252,52.93
86.145,52.86
86.028,52.80
83.462,50.00
83.140,48.40
86.024,52.78
83.828,50.54
86.337,53.25
83.548,50.00
85.094,53.40
85.581,52.36
84.420,49.82
86.882,55.17
86.706,54.69
85.727,52.04
85.787,52.18
85.350,52.03
83.108,46.53
84.137,49.10
86.406,54.13
86.224,52.86
81.528,44.79
85.050,51.63
85.702,52.16
83.043,48.72
84.966,50.87
85.530,51.99
85.764,52.75
85.388,50.49
87.111,55.48
88.225,57.16
87.229,55.32
84.455,48.86
83.311,47.53
88.386,58.68
87.943,57.97
86.921,54.53
85.574,51.79
86.270,53.66
85.229,50.48
86.537,55.22
86.061,53.52
84.910,51.91
84.473,50.58
85.684,51.77
86.048,54.64
85.934,52.19
86.045,52.72
85.850,52.40
83.686,48.41
82.885,48.48
80.640,42.86
86.208,52.59
86.449,53.87
81.743,47.06
86.009,52.80
86.982,54.70
86.773,53.67
86.008,52.31
86.215,54.04
84.839,51.12
87.361,55.89
86.688,54.31
85.385,50.59
87.053,55.28
84.991,51.59
86.366,53.26
85.451,55.14
86.693,53.99
86.739,54.65
85.816,52.28
82.543,47.14
83.793,47.46
78.750,40.56
82.265,44.19
85.889,52.25
84.995,54.50
84.713,49.51
85.254,50.68
85.727,51.90
83.958,48.09
83.945,48.65
82.985,48.84
84.414,49.08
85.493,52.36
84.441,49.91
82.615,45.78
85.338,50.93
83.053,46.67
85.911,52.53
84.949,49.84
85.111,50.18
82.138,45.01
80.589,43.84
84.323,50.23
83.212,47.97
85.593,53.65
85.806,52.22
84.892,50.72
84.854,51.79
84.746,51.82
80.250,47.86
84.902,49.70
85.806,53.79
82.622,50.00
84.327,49.80
85.493,53.67
85.308,52.06
84.180,50.13
84.838,52.61
84.398,49.81
82.316,46.35
84.497,51.08
82.394,47.45
84.504,54.17
84.832,51.58
85.097,51.00
83.837,49.85
83.241,49.10
86.089,53.16
83.006,48.18
85.793,52.97
85.127,51.27
86.031,55.45
83.456,47.86
80.957,41.72
80.628,44.62
86.276,53.16
85.464,50.73
84.208,49.68
85.433,53.33
84.091,51.04
84.467,51.11
86.280,55.30
83.603,47.30
84.155,48.46
84.334,52.97
86.809,55.50
82.606,49.25
86.997,54.58
87.094,56.34
87.409,55.54
86.615,54.15
83.211,50.23
85.956,52.76
84.722,51.36
84.448,49.61
86.308,52.80
86.720,54.22
85.967,53.55
85.761,52.90
82.912,51.19
84.992,51.13
85.740,51.86
87.025,54.44
86.316,55.96
86.787,54.89
87.035,54.88
79.007,41.67
87.049,54.93
86.735,54.45
86.826,54.95
85.277,51.37
85.984,52.64
85.903,52.83
85.207,51.33
84.435,49.10
86.684,54.08
86.616,54.09
83.635,47.49
86.835,54.51
85.026,52.10
85.521,53.06
86.372,54.63
87.788,57.36
87.525,55.66
84.838,50.80
86.458,53.15
85.296,51.57
85.482,53.23
86.067,53.01
85.051,49.86
86.443,53.30
87.864,56.91
86.699,54.86
84.223,49.69
88.010,56.89
82.668,48.68
87.145,54.78
85.280,54.85
83.922,47.78
87.277,56.16
87.007,55.70
85.528,52.43
86.437,53.45
87.195,54.96
86.047,52.09
86.912,54.14
83.094,48.75
82.937,46.50
88.719,59.28
85.343,50.86
87.074,54.85
86.713,54.81
86.550,54.27
85.187,53.21
87.001,54.71
82.837,45.77
83.678,47.03
84.023,47.45
85.564,50.90
87.081,54.95
85.995,52.39
86.954,54.41
86.474,53.18
86.693,54.26
84.696,50.34
85.141,50.31
87.335,55.63
84.375,49.81
86.627,54.22
85.742,52.59
85.234,50.77
85.258,52.15
77.749,32.68
86.992,54.58
84.592,50.79
87.208,56.05
88.359,58.36
86.360,53.78
87.238,55.86
86.406,53.38
84.868,50.33
87.399,56.58
86.671,54.69
87.736,56.65
87.227,55.77
86.501,53.78
86.660,56.25
82.512,45.27
83.297,49.44
86.730,54.35
86.470,54.04
86.341,53.45
87.073,55.90
86.504,53.51
86.108,53.77
81.422,44.81
84.239,50.56
87.185,56.30
88.575,58.30
84.201,52.03
85.080,51.05
85.239,51.79
87.442,55.96
85.510,51.43
82.450,46.03
83.244,45.89
86.325,53.94
85.141,50.85
84.416,52.33
83.090,49.21
86.795,55.50
87.321,55.58
85.956,54.80
88.195,57.54
85.914,54.14
86.537,54.79
88.535,58.17
87.594,57.44
89.213,60.34
88.072,59.14
87.405,56.56
87.060,55.04
87.269,56.63
86.553,53.59
88.320,58.41
89.127,60.55
88.846,60.00
87.397,56.38
86.502,55.72
81.355,41.77
84.172,49.58
81.010,43.62
85.108,50.18
86.848,54.34
82.941,48.52
84.605,49.48
81.506,43.89
80.617,42.75
86.504,53.78
87.870,56.47
88.732,59.27
79.825,37.15
78.664,34.33
83.854,47.39
87.149,55.28
86.570,53.67
82.936,47.62
83.638,48.51
85.618,51.36
88.411,58.96
87.052,54.63
86.728,54.69
86.591,53.81
83.988,50.00
86.665,54.03
84.996,51.88
79.074,35.66
82.674,45.50
80.096,39.36
84.655,49.37
85.448,50.73
85.951,52.68
85.578,51.35
84.763,50.91
87.687,57.53
85.841,52.35
84.087,48.38
82.539,45.14
79.632,39.53
81.005,42.94
82.989,46.25
77.464,32.95
82.947,48.39
86.632,54.06
86.438,52.92
81.593,42.39
80.992,40.73
86.814,54.32
84.514,48.71
86.762,54.06
83.653,47.76
85.687,51.95
86.160,53.06
87.331,55.63
86.500,53.28
85.817,52.60
87.552,56.56
86.805,54.24
85.728,51.75
85.985,52.05
86.819,54.56
87.409,55.43
87.440,55.44
81.128,46.03
84.738,49.17
81.942,47.92
86.152,52.56
82.289,53.70
83.105,45.36
87.534,56.42
87.350,56.00
88.501,58.91
87.322,55.88
85.701,51.49
85.298,50.47
84.960,51.22
83.956,47.63
81.658,42.65
83.159,46.86
85.479,51.21
84.655,49.93
84.877,50.89
84.871,51.47
86.960,54.33
87.811,57.73
85.749,52.10
84.783,50.21
81.216,43.99
82.764,49.30
78.529,38.97
87.377,55.41
87.145,55.59
82.640,47.33
83.622,46.89
80.608,41.10
80.222,40.94
86.902,54.50
85.069,50.11
82.233,43.50
83.906,47.15
86.642,54.06
84.472,48.77
83.626,47.15
86.294,52.78
86.048,52.55
85.902,53.80
85.842,52.57
86.872,54.46
87.029,54.59
84.255,48.85
83.773,47.28
85.231,50.66
82.212,45.99
86.980,54.65
85.299,50.69
85.251,50.69
87.673,56.21
87.603,56.25
85.622,52.55
88.984,59.03
76.863,31.82
86.060,52.68
84.531,51.24
86.574,53.50
86.017,52.57
85.107,51.36
82.629,49.05
84.192,50.41
79.187,36.94
85.446,50.37
87.178,55.07
86.419,54.05
87.235,55.50
86.248,54.64
86.089,53.16
87.683,56.76
84.857,51.28
83.904,51.19
84.148,49.77
86.417,53.27
87.867,56.98
85.947,52.60
83.276,46.02
85.792,52.14
86.746,54.30
79.450,36.88
85.413,51.34
86.508,53.87
84.917,50.05
78.933,35.24
79.636,37.01
76.982,30.67
76.818,30.79
77.216,31.25
83.592,47.12
84.172,48.09
83.592,46.74
86.613,53.91
85.554,52.92
86.402,53.95
78.519,40.48
84.588,53.16
83.703,47.68
86.451,53.56
86.231,54.68
85.627,52.60
85.898,53.12
87.590,57.04
86.387,53.82
83.676,47.27
85.918,53.24
86.260,52.82
84.139,48.88
84.925,53.26
86.786,53.96
86.979,55.71
87.956,56.82
84.942,50.29
86.719,54.23
87.103,55.03
86.786,54.09
85.918,51.79
84.875,49.60
84.006,47.63
84.268,51.11
85.966,53.01
85.871,54.40
84.967,51.42
83.082,50.51
86.216,55.56
84.895,51.97
87.380,58.33
88.552,58.48
86.514,54.35
78.685,37.99
77.423,36.04
79.753,39.22
83.841,47.50
83.771,47.11
80.394,39.90
78.870,35.23
80.575,39.23
82.189,42.60
78.114,34.82
84.698,49.02
81.903,43.46
77.265,33.33
80.573,40.63
79.719,37.47
77.775,35.20
82.719,44.37
81.272,40.53
75.880,30.23
83.050,48.33
80.823,42.06
79.125,36.82
78.639,36.18
79.894,37.36
78.459,35.75
78.646,36.47
77.112,33.06
75.512,28.54
78.361,34.01
77.976,33.46
78.841,38.52
77.677,33.03
75.921,28.75
77.050,31.67
76.329,31.75
75.722,31.96
80.529,41.40
81.314,41.10
79.258,36.51
81.909,52.78
81.301,45.89
84.504,49.13
83.463,46.76
81.050,43.54
86.105,52.70
80.629,41.81
81.832,45.06
85.247,52.32
87.008,54.61
86.366,53.23
87.195,55.30
88.054,57.29
87.849,58.04
78.819,35.05
76.849,33.02
78.211,34.99
78.680,35.47
82.766,47.77
87.665,56.25
84.284,59.60
77.111,43.33
87.590,56.37
85.549,52.81
84.192,50.41
84.670,51.72
83.742,48.67
85.971,52.21
86.423,53.21
82.043,43.18
86.122,52.68
85.940,52.07
85.532,52.02
86.259,52.83
83.709,48.72
82.905,46.86
85.605,55.17
86.794,54.40
85.335,50.99
81.675,42.77
84.962,50.43
84.507,50.88
87.239,54.99
86.881,54.75
86.826,54.59
86.533,53.63
82.581,51.77
86.191,55.66
86.602,53.67
87.692,56.48
72.993,36.00
85.365,50.78
83.652,46.71
85.951,52.38
85.733,52.08
85.608,52.13
85.711,52.91
86.620,53.89
85.080,51.05
77.491,31.22
72.737,28.15
85.558,52.07
85.919,52.84
87.485,56.45
86.929,55.00
85.373,51.10
82.383,43.77
83.880,47.43
84.596,48.52
82.497,44.94
86.605,53.61
86.306,53.10
86.260,55.00
87.069,54.95
86.245,53.47
86.432,53.31
84.924,51.12
85.514,52.87
85.025,54.17
84.888,50.25
84.895,51.97
84.139,48.88
86.958,54.44
84.182,49.77
84.623,50.76
87.353,55.99
86.298,53.03
84.970,49.77
85.648,51.26
83.136,47.38
85.640,51.39
86.241,53.31
86.012,52.86
85.876,52.47
85.082,50.45
84.648,49.02
84.353,49.21
84.170,48.45
83.381,48.67
85.354,50.69
81.799,53.54
86.827,54.22
83.351,49.62
86.846,54.84
87.688,56.24
88.831,59.16
88.051,57.83
86.645,53.86
84.063,51.06
81.100,42.22
86.572,53.46
86.568,53.67
86.041,52.53
84.382,51.21
80.096,49.02
85.198,50.48
79.279,40.64
84.687,49.37
86.156,53.01
85.846,52.17
86.643,54.00
86.352,53.46
86.785,54.76
86.816,55.26
86.897,54.73
86.360,53.32
86.152,52.96
86.015,52.40
86.136,53.44
86.518,53.61
85.626,51.54
86.237,52.78
86.986,54.89
86.487,53.67
85.970,53.04
87.329,55.97
86.033,52.02
85.439,53.89
83.753,51.96
86.707,54.67
87.068,55.79
86.511,54.07
87.133,55.93
88.401,57.88
84.006,47.95
83.755,47.58
85.844,52.37
77.384,32.93
77.205,31.45
77.037,33.67
85.114,50.68
85.646,53.21
85.391,51.38
87.182,55.01
85.486,52.17
85.222,51.53
86.374,53.57
85.364,51.44
86.758,54.67
87.669,56.81
87.535,55.75
86.596,54.41
86.358,53.94
86.313,53.08
85.606,52.12
87.214,56.44
85.058,49.91
81.726,45.56
86.576,55.23
85.469,51.74
86.516,54.28
84.419,50.10
85.751,51.67
85.856,52.85
88.141,57.73
87.287,55.16
86.317,53.15
86.954,55.77
86.270,52.96
85.385,52.20
83.909,48.67
84.931,50.94
81.878,45.93
84.166,48.23
83.720,47.85
81.627,41.65
83.040,45.55
86.052,52.03
85.355,51.82
85.506,52.66
86.349,53.20
87.808,56.74
86.798,54.57
86.441,53.40
86.542,53.45
84.264,48.95
82.236,43.53
83.159,45.50
81.473,42.03
82.883,44.73
86.134,52.67
86.594,53.51
84.221,48.52
84.097,48.17
86.318,53.22
86.254,53.47
87.151,55.63
87.334,56.08
85.911,52.80
84.567,50.00
85.086,50.63
86.224,54.79
87.045,55.31
79.200,36.24
81.157,40.98
81.900,47.03
81.065,44.44
87.023,55.27
85.581,52.36
87.139,55.59
87.272,54.97
86.029,53.00
83.024,45.36
84.891,49.46
85.794,52.10
87.274,55.42
84.511,50.56
83.087,45.23
84.138,50.79
87.055,55.52
87.444,55.95
87.040,54.83
85.317,51.25
84.715,49.63
86.212,53.95
85.892,52.44
85.601,52.30
86.916,54.59
85.359,51.65
84.361,49.90
85.641,51.94
86.520,54.00
85.143,50.61
84.251,48.81
85.870,52.73
84.362,49.50
83.755,48.75
82.640,47.33
81.415,43.12
85.856,52.74
87.440,56.18
86.821,54.27
85.197,50.95
82.292,47.50
82.085,43.86
80.559,40.00
85.130,51.85
86.475,53.94
86.040,52.48
85.115,51.60
88.004,57.78
85.712,51.95
88.035,56.98
82.764,49.30
88.783,58.54
74.381,28.27
79.567,40.14
85.421,52.05
84.601,51.89
86.965,54.87
88.708,58.57
85.828,52.41
87.586,55.89
86.613,54.30
85.785,52.91
86.693,54.26
86.161,53.70
87.281,55.08
83.906,50.16
86.396,52.96
86.953,55.18
86.336,55.85
86.112,53.17
85.183,50.17
87.500,55.58
85.607,51.56
86.310,53.43
86.767,54.91
87.692,56.48
87.312,55.99
85.906,52.11
86.394,53.47
85.627,51.48
85.650,52.34
83.897,49.72
85.411,51.14
85.073,49.86
85.438,51.52
83.500,46.55
84.628,49.38
82.627,44.55
86.345,53.33
86.020,54.69
85.160,51.65
85.047,51.98
85.418,51.77
85.384,52.41
82.466,46.17
86.319,52.54
86.864,53.86
81.319,42.79
87.128,55.29
88.288,58.63
84.646,54.23
87.559,56.88
87.837,57.86
87.407,55.54
84.051,49.27
86.078,53.23
87.452,56.15
88.134,58.48
83.756,48.05
82.893,48.35
86.097,53.62
85.670,53.52
86.928,54.61
87.589,56.26
88.350,58.14
87.535,55.97
85.659,53.38
84.906,50.11
85.651,51.37
87.357,55.71
86.257,52.79
80.157,37.77
86.608,54.42
87.735,56.03
87.330,55.45
86.517,54.49
86.293,53.17
81.795,43.50
81.992,46.59
86.857,54.14
87.215,55.73
80.008,42.34
85.931,56.08
85.081,53.55
81.841,45.79
81.189,43.88
85.192,51.79
83.460,47.51
85.539,52.62
84.272,49.61
82.786,45.83
77.201,36.56
80.020,40.54
81.011,45.45
81.301,44.11
87.475,57.45
86.344,55.16
86.898,56.09
88.296,59.91
87.163,59.65
85.839,55.02
86.711,57.39
88.134,58.76
87.648,56.22
88.541,58.43
87.373,55.73
87.113,56.75
88.108,57.69
87.338,56.01
87.657,58.66
87.529,58.10
87.542,57.40
86.201,56.91
87.536,56.02
86.498,56.01
87.747,58.28
88.872,59.06
87.733,56.59
88.800,59.38
87.020,55.93
87.160,57.08
87.797,56.97
84.691,50.45
85.121,50.66
82.243,44.64
80.537,44.12
84.472,49.91
85.617,51.13
81.211,46.45
83.534,50.41
80.313,40.22
82.810,49.75
83.445,46.88
86.109,53.26
82.692,45.86
84.476,50.74
85.415,51.55
84.483,49.05
85.696,52.12
83.794,50.55
86.700,54.07
85.693,51.45
87.814,60.91
86.639,54.93
88.000,57.99
86.911,54.27
83.934,49.39
84.783,49.32
85.376,50.97
87.009,55.02
85.837,51.98
86.393,53.75
77.706,32.01
85.384,52.41
85.508,51.66
87.291,55.12
84.989,52.30
85.488,52.22
87.218,55.35
79.895,42.38
85.782,53.29
78.512,34.56
86.301,53.37
83.258,49.79
85.892,52.44
86.437,53.39
87.215,55.56
86.149,52.85
75.242,28.61
84.470,49.44
84.938,51.80
84.401,50.98
87.641,55.90
87.790,58.10
85.226,53.90
82.902,44.68
84.363,51.23
85.251,52.26
87.581,56.22
87.557,56.00
78.021,32.95
87.159,55.03
83.617,49.52
87.834,56.56
86.179,52.75
86.362,54.50
87.768,57.59
87.855,57.26
87.757,56.50
85.059,52.34
85.421,52.09
86.361,53.27
84.497,49.57
86.866,54.14
87.449,55.83
86.995,54.48
87.061,55.23
82.697,47.83
86.201,52.57
86.836,55.23
88.093,57.78
86.795,54.82
85.628,52.34
87.394,56.16
87.557,56.51
87.969,57.07
88.258,57.51
85.997,55.15
88.982,60.34
87.691,58.45
88.619,60.04
89.702,61.57
89.211,61.09
89.306,61.13
88.395,58.75
89.762,61.78
89.977,63.25
89.500,62.69
89.737,62.26
89.805,62.31
86.783,54.57
88.534,59.19
84.551,50.68
82.326,46.13
85.718,51.32
87.700,57.00
85.108,50.10
86.752,54.41
85.970,53.21
85.046,49.88
86.834,54.41
81.085,41.08
86.326,52.80
84.827,49.94
86.241,52.95
83.475,46.17
86.689,55.08
86.851,54.28
85.929,52.20
84.478,49.44
85.194,50.25
82.259,47.62
80.039,41.39
77.435,34.68
76.400,35.06
84.206,47.89
85.732,51.65
84.232,47.72
84.857,49.59
81.812,42.04
86.098,53.82
86.844,54.24
84.106,50.44
86.024,52.46
84.695,49.13
83.363,47.59
85.704,51.71
83.281,48.98
86.503,53.43
86.420,55.93
82.799,45.06
86.169,53.06
84.554,50.09
83.384,54.76
81.022,47.62
85.246,53.46
85.999,53.75
85.140,50.44
85.719,54.17
83.723,48.99
86.198,53.61
87.628,56.11
85.769,52.15
84.045,47.53
87.605,55.75
86.513,53.97
86.541,53.94
85.986,53.66
86.400,53.51
88.109,57.40
85.028,51.73
87.079,55.01
87.770,56.44
86.275,53.42
83.317,48.87
86.530,53.71
87.411,55.87
86.269,53.33
82.461,48.99
86.609,53.89
83.745,48.83
87.227,54.95
87.237,56.15
79.363,38.31
85.007,50.79
83.400,46.97
81.424,43.36
84.329,49.30
86.203,53.01
87.059,54.80
84.034,51.09
83.264,48.48
85.936,52.93
84.956,50.53
85.912,52.39
86.274,53.00
84.168,50.98
85.780,53.55
87.498,56.99
87.908,57.54
87.089,55.90
81.954,46.01
85.276,52.78
84.529,51.75
84.286,52.63
84.107,49.56
82.006,43.91
82.534,45.83
85.661,51.70
86.767,55.24
86.873,55.56
85.902,52.09
85.914,53.09
87.174,55.59
86.367,53.77
86.832,56.69
85.037,49.74
87.077,55.74
79.300,36.42
85.570,52.61
80.113,43.00
85.181,50.37
86.190,53.83
86.507,53.40
87.253,54.84
84.537,51.46
83.579,50.40
86.090,55.56
84.960,51.22
85.070,50.47
87.372,55.62
88.097,57.77
85.639,51.81
85.166,50.65
87.214,55.31
85.683,52.90
86.864,54.47
83.737,49.10
84.633,50.75
86.613,53.53
86.410,53.20
87.067,54.92
86.386,53.69
86.302,52.65
85.114,52.45
83.963,49.13
86.311,53.53
81.848,50.37
82.998,47.22
86.365,54.06
84.489,49.83
84.070,49.45
77.568,31.58
85.657,51.84
84.152,49.88
84.408,50.00
79.827,37.43
87.335,55.15
86.028,54.28
87.184,55.16
86.938,54.86
86.623,54.11
86.527,53.56
86.960,55.00
83.672,46.41
85.564,54.13
86.499,54.05
79.739,39.42
83.960,50.15
83.894,48.93
85.458,52.28
80.740,39.56
82.476,44.44
84.713,50.98
84.450,49.15
84.765,49.88
79.868,40.45
80.231,38.50
79.714,37.85
80.224,38.11
80.956,39.52
84.857,48.87
85.318,50.23
86.100,51.96
86.524,52.93
85.173,50.02
86.367,57.32
84.075,48.01
82.634,44.35
81.815,42.96
81.749,43.12
83.223,46.73
85.199,51.73
84.643,50.60
82.452,44.49
84.534,48.35
84.188,49.34
85.465,52.58
84.824,49.94
86.370,53.27
86.760,54.35
88.215,57.70
86.180,53.58
80.580,39.71
83.450,48.35
87.473,56.10
85.738,53.46
85.748,52.63
83.528,47.94
84.993,49.25
86.697,54.20
82.545,44.48
79.194,35.42
85.293,54.31
87.205,55.99
86.354,53.39
85.909,52.20
86.840,54.50
84.159,48.53
87.208,55.27
83.488,52.73
82.230,43.65
82.434,43.81
86.096,55.26
81.716,41.71
85.255,50.48
84.967,49.45
77.675,35.44
78.078,33.04
86.613,54.23
83.150,50.49
87.731,56.25
79.760,38.49
86.762,54.05
85.816,51.91
83.666,47.10
85.653,51.81
85.862,51.66
84.514,50.30
85.111,50.95
87.131,56.48
85.037,51.69
85.469,51.75
82.565,44.77
82.788,45.43
85.884,52.72
83.031,49.37
87.220,55.62
87.361,57.73
85.153,52.13
86.114,53.54
86.710,53.96
84.846,50.66
83.073,51.85
86.614,54.10
86.987,55.43
87.289,56.02
86.704,54.74
87.269,55.48
86.800,54.41
85.788,52.64
80.089,41.67
87.932,56.90
87.613,56.66
88.166,57.63
85.410,51.01
81.936,48.81
87.190,55.10
87.088,54.75
85.442,54.21
86.703,55.56
87.159,56.17
86.098,53.10
83.826,48.73
86.814,55.22
86.847,54.39
84.864,49.59
85.074,50.91
84.583,49.78
84.490,51.54
75.533,29.13
78.717,34.87
83.064,44.75
81.693,42.35
85.605,51.19
86.565,53.65
87.671,56.54
84.769,51.26
85.866,53.33
87.262,58.05
86.548,54.83
86.398,53.68
87.684,57.01
85.664,53.02
85.818,52.72
82.014,44.78
81.900,45.03
85.989,52.92
78.217,34.96
80.849,39.31
79.993,37.39
79.558,36.60
73.479,27.18
76.812,33.33
80.662,43.72
87.907,57.76
87.309,58.49
85.979,52.66
83.761,49.70
81.995,47.76
85.486,52.17
92.521,69.15
83.398,50.68
83.900,50.33
87.600,56.88
86.472,53.98
85.564,54.13
83.795,47.13
83.241,45.99
83.910,47.07
86.776,54.71
89.795,64.71
87.546,57.02
84.810,54.05
87.195,56.58
89.321,61.13
89.572,62.30
86.388,56.44
86.496,55.56
88.533,60.77
86.342,57.58
87.953,57.12
88.076,58.69
88.439,60.09
87.781,58.50
83.263,50.00
88.671,58.60
87.125,57.01
88.403,58.92
81.095,47.17
85.957,51.98
81.965,44.44
84.467,51.11
84.333,50.36
77.721,31.40
84.995,53.48
85.140,51.79
88.051,58.10
82.557,44.48
87.249,56.68
87.384,60.56
83.963,49.13
77.162,35.71
83.381,48.67
80.947,43.92
87.923,57.58
85.588,54.74
82.994,48.55
77.736,37.20
86.220,54.62
86.314,53.60
82.935,44.30
83.343,49.45
82.012,44.52
85.263,50.77
84.252,47.91
83.689,47.05
